UserSenderId,SubmitDate,target,MessageText,prediction
16899,3/15/21 19:18,1,"<p class=""st0"">–ê–ª–µ–∫—Å–µ–π, –° –î–Ω–µ–º –†–æ–∂–¥–µ–Ω–∏—è!!! –ò—Å–ø–æ–ª–Ω–µ–Ω–∏—è –≤—Å–µ–≥–æ –∑–∞–¥—É–º–∞–Ω–Ω–æ–≥–æ!!!</p>",LABEL_1
17979,3/15/21 17:47,1,"<p class=""st0"">–° –î–Ω—ë–º –†–æ–∂–¥–µ–Ω–∏—è!</p>",LABEL_1
8492,3/15/21 17:12,1,"<p class=""st0"">–°—Ç–∞—Ä–æ—Å—Ç–∞, —Å –¥–Ω—é—Ö–æ–π!<br></p>",LABEL_2
8562,3/15/21 15:06,1,"<p class=""st0"">–ö–æ–ª—è, –º–æ–∏ –ø–æ–∑–¥—Ä–∞–≤–ª–µ–Ω–∏—è! –ñ–µ–ª–∞—é —Ö–æ—Ä–æ—à–∏—Ö –æ—Ç–ø—É—Å–∫–æ–≤ –≤ —ç—Ç–æ–º –≥–æ–¥—É! </p>",LABEL_1
8562,3/15/21 14:58,1,"<p class=""st0"">–õ–µ—à–∞, –ø–æ–∑–¥—Ä–∞–≤–ª—è—é! –í—Å–µ—Ö –±–ª–∞–≥! </p>",LABEL_1
8176,3/15/21 14:06,1,"<p class=""st0"">–ê–Ω–¥—Ä–µ–π, —Å –¥–Ω—ë–º —Ä–æ–∂–¥–µ–Ω–∏—è!! –ó–¥–æ—Ä–æ–≤—å—è, –≤–¥–æ—Ö–Ω–æ–≤–µ–Ω–∏—è –¥–ª—è –Ω–æ–≤—ã—Ö –¥–æ—Å—Ç–∏–∂–µ–Ω–∏–π, –≤—Ä–µ–º–µ–Ω–∏ –Ω–∞ –ª—é–±–∏–º—ã–µ —É–≤–ª–µ—á–µ–Ω–∏—è! :) </p>",LABEL_1
8833,3/15/21 13:42,1,"<p class=""st0"">–°–ø–∞—Å–∏–±–æ!</p>",LABEL_1
8643,3/15/21 12:21,1,"<p class=""st0"">–õ–µ—à–∞, —Å –î–Ω–µ–º –†–æ–∂–¥–µ–Ω–∏—è!</p>",LABEL_0
8602,3/15/21 11:43,1,"<p class=""st0"">–ê–Ω–¥—Ä–µ–π, —Å –¥–Ω–µ–º —Ä–æ–∂–¥–µ–Ω–∏—è!!!</p>",LABEL_0
15051,3/15/21 11:36,1,"<p class=""st0"">–° –¥–Ω–µ–º —Ä–æ–∂–¥–µ–Ω–∏—è!</p>",LABEL_1
8455,3/15/21 9:33,1,"<p class=""st0"">—Å –î–†! )<br></p>",LABEL_1
14162,3/12/21 17:14,1,"<p class=""st0"">–ö–∞–∫–∞—è –∫–ª–∞—Å—Å–Ω–∞—è –∏–¥–µ—è! –ñ–∏–∑–Ω—å –Ω–∞–ª–∞–∂–∏–≤–∞–µ—Ç—Å—è!</p>",LABEL_1
8171,3/12/21 16:12,0,"<p class=""st0"">–ö–∞—Ä—Ç–∏–Ω–∫—É –∫ –Ω–æ–≤–æ—Å—Ç–∏ –∫–∞–∫–æ–π-—Ç–æ —Å–∞–¥–∏—Å—Ç —Ä–∏—Å–æ–≤–∞–ª</p>",LABEL_0
12576,3/12/21 16:04,2,"<p class=""st0"">–ß—Ç–æ —Å—É—â–µ—Å—Ç–≤–µ–Ω–Ω–æ–≥–æ, –∫—Ä–æ–º–µ —Ü–≤–µ—Ç–æ–≤, –∏–∑–º–µ–Ω–∏–ª–æ—Å—å?<br>–ò —ç—Ç–æ–≥–æ –ø–æ–∫–∞ –Ω–µ—Ç.<br>–í—Ä–µ–º—è —Ä–µ–∞–∫—Ü–∏–∏ - –Ω–µ –∑–∞–º–µ—Ç–∏–ª.<br>–í–∞–º —á—Ç–æ, –¥–µ–ª–∞—Ç—å –Ω–µ—á–µ–≥–æ?</p><p class=""st0"">–ö—Ä–æ–º–µ –∫—Ä–µ–∞—Ç–∏–≤–Ω–æ—Å—Ç–∏, –∫–æ–Ω–µ—á–Ω–æ...</p>",LABEL_2
12533,3/12/21 15:27,1,"<p class=""st0"">–ö–æ–ª–ª–µ–≥–∏, —Å–ø–∞—Å–∏–±–æ, –æ—á–µ–Ω—å –ø—Ä–∏—è—Ç–Ω–æ!</p>",LABEL_1
17531,3/3/21 15:17,1,"<p class=""st0"">–ë–µ–∑—É–º–Ω–æ —Ç–µ–ø–ª–∞—è –∏—Å—Ç–æ—Ä–∏—è!</p>",LABEL_0
15170,3/3/21 14:50,1,<p>–í –ª—é–±–æ–π –Ω–µ–ø–æ–Ω—è—Ç–Ω–æ–π —Å–∏—Ç—É–∞—Ü–∏–∏ - –ø–æ—Ç—Ä—è—Å–∏ —á–µ—Ä–µ–ø–∞—Ö—É =))<br></p>,LABEL_1
14443,3/3/21 10:59,1,"<p class=""st0"">–¢–∞–∫ –∫–ª–∞—Å—Å–Ω–æ! :))))))</p>",LABEL_1
13070,3/1/21 17:35,1,"<p class=""st0"">–ë–ª–∞–≥–æ–¥–∞—Ä—é –í–∞—Å :), –ò–Ω—Ç–µ—Ä–µ—Å–Ω—ã–µ –º–µ—Ç–æ–¥–∏–∫–∏</p>",LABEL_1
9062,3/1/21 17:27,2,"<p class=""st0"">–°–ø–æ—Ä–Ω—ã–µ —É—Ç–≤–µ—Ä–∂–¥–µ–Ω–∏—è. –°—Ç—Ä–∞–Ω–Ω—ã–µ –ø—Ä–µ–¥–ª–æ–∂–µ–Ω–∏—è.</p>",LABEL_2
16279,3/1/21 17:20,0,"<p class=""st0"">–ò–Ω—Ç—Ä–æ–≤–µ—Ä—Ç—ã, —á–∏—Ç–∞—è —ç—Ç–æ—Ç –ø–æ—Å—Ç: ._.</p>",LABEL_0
15686,12/6/20 20:37,1,"<p class=""st0"">–ö—Å—é—à–∞, —Å –¥–Ω–µ–º —Ä–æ–∂–¥–µ–Ω–∏—è, –æ—Ç –≤—Å–µ–π –¥—É—à–∏!!! üåπü¶äüíù</p>",LABEL_1
8387,12/4/20 10:05,1,"–ü–æ—á–µ–º—É —Å–µ–π –¥–∏–≤–Ω—ã–π –ø—Ä–µ–¥–º–µ—Ç –Ω–µ–ª—å–∑—è ""–ø–æ–¥–∞—Ä–∏—Ç—å""?",LABEL_0
14444,12/3/20 16:03,2,"<p class=""st0"">–ö–æ–ª–ª–µ–≥–∏, –∞ –∫—Ç–æ-–Ω–∏–±—É–¥—å –≤–æ–æ–±—â–µ —á–∏—Ç–∞–ª —É—Å–ª–æ–≤–∏—è —Å—Ç—Ä–∞—Ö–æ–≤–∞–Ω–∏—è?</p><p class=""st0"">–≠—Ç–æ –≤–æ–æ–±—â–µ —Ñ–µ–µ—Ä–∏—á–µ—Å–∫–∏–π –æ–±—Ä–∞–∑–µ—Ü —Å–ø–∏—Å–∫–∞ –∏—Å–∫–ª—é—á–µ–Ω–∏–π:</p><p class=""st0""> 10.—Ç—Ä–∞–≤–º—ã, –ø–æ–ª—É—á–µ–Ω–Ω—ã–µ –≤–æ –≤—Ä–µ–º—è –ø–æ–µ–∑–¥–∫–∏ –ó–∞—Å—Ç—Ä–∞—Ö–æ–≤–∞–Ω–Ω–æ–≥–æ –ª–∏—Ü–∞ –≤ —Ç—Ä–∞–Ω—Å–ø–æ—Ä—Ç–Ω–æ–º —Å—Ä–µ–¥—Å—Ç–≤–µ, —É–ø—Ä–∞–≤–ª—è–µ–º–æ–º –ª–∏—Ü–æ–º, –Ω–µ –∏–º–µ—é—â–∏–º –∑–∞–∫–æ–Ω–Ω–æ–≥–æ –æ—Å–Ω–æ–≤–∞–Ω–∏—è –Ω–∞ —É–ø—Ä–∞–≤–ª–µ–Ω–∏–µ —Ç—Ä–∞–Ω—Å–ø–æ—Ä—Ç–Ω—ã–º —Å—Ä–µ–¥—Å—Ç–≤–æ–º —Å–æ–æ—Ç–≤–µ—Ç—Å—Ç–≤—É—é—â–µ–π –∫–∞—Ç–µ–≥–æ—Ä–∏–∏, –ª–∏–±–æ –Ω–∞—Ö–æ–¥—è—â–∏–º—Å—è –≤ —Å–æ—Å—Ç–æ—è–Ω–∏–∏ –∞–ª–∫–æ–≥–æ–ª—å–Ω–æ–≥–æ, —Ç–æ–∫—Å–∏—á–µ—Å–∫–æ–≥–æ –∏–ª–∏ –Ω–∞—Ä–∫–æ—Ç–∏—á–µ—Å–∫–æ–≥–æ –æ–ø—å—è–Ω–µ–Ω–∏—è –ª—é–±–æ–π —Å—Ç–µ–ø–µ–Ω–∏ —Ç—è–∂–µ—Å—Ç–∏...<br></p><p class=""st0"">–ê –ø—Ä–æ —Å–ø–æ—Ä—Ç? –ê –ø—Ä–æ —Ö–∏—Ä—É—Ä–≥–∏—á–µ—Å–∫–∏–µ —Ä–∞—Å—Ö–æ–¥–Ω–∏–∫–∏? </p><p class=""st0"">–†–µ–∫–æ–º–µ–Ω–¥—É—é –≤—Å–µ–º –æ–∑–Ω–∞–∫–æ–º–∏—Ç—å—Å—è.<br></p>",LABEL_2
8961,12/3/20 15:54,2,"<p class=""st0"">–ü–æ—á–µ–º—É —Ç–∞–∫ –º–∞–ª–æ –õ–ü–£ –≤ –±–ª–∏–∂–∞–π—à–µ–º –ü–æ–¥–º–æ—Å–∫–æ–≤—å–µ? –ù–∞–ø—Ä–∏–º–µ—Ä, –ø–æ –Ø—Ä–æ—Å–ª–∞–≤—Å–∫–æ–º—É –Ω–∞–ø—Ä–∞–≤–ª–µ–Ω–∏—é –≤–æ–æ–±—â–µ –Ω–∏ –æ–¥–Ω–æ–≥–æ –Ω–µ—Ç, –≤–ø—Ä–æ—á–µ–º –∫–∞–∫ –∏ –≤ –ø—Ä–µ–∂–Ω–∏–µ –≥–æ–¥—ã. </p>",LABEL_2
17574,11/26/20 12:39,2,"—É –º–µ–Ω—è –±—ã–ª–∞ —Ç–∞–∫–∞—è –ø—Ä–æ–±–ª–µ–º–∞ - –≤ –æ–¥–∏–Ω –¥–µ–Ω—å –ø—Ä–æ—Å—Ç–æ –º–æ–¥–µ–º —Å—Ç–∞–ª —Ç–µ—Ä—è—Ç—å —Å–≤—è–∑—å. –í –∏—Ç–æ–≥–µ –Ω–∞–ø–∏—Å–∞–ª –∑–∞—è–≤–∫—É –≤ –°–ë, —á—Ç–æ–±—ã —Ä–∞–∑—Ä–µ—à–∏–ª–∏ –∏—Å–ø–æ–ª—å–∑–æ–≤–∞—Ç—å —É—Å—Ç—Ä–æ–π—Å—Ç–≤–æ. –í–∏–¥–∏–º–æ –≥–¥–µ-—Ç–æ –ø—Ä–æ–ø–∏—Å–∞–ª–∏ –ø–∞—Ä–∞–º–µ—Ç—Ä—ã —É—Å—Ç—Ä–æ–π—Å—Ç–≤–∞, –∏ —Å–µ–π—á–∞—Å –∞–Ω—Ç–∏–≤–∏—Ä—É—Å –Ω–µ —Ä—É–≥–∞–µ—Ç—Å—è, –≤—Å–µ —Ä–∞–±–æ—Ç–∞–µ—Ç",LABEL_2
12488,11/26/20 8:44,0,"<p class=""st0"">–°–∞–º—ã–µ –∏–Ω—Ç–µ—Ä–µ—Å–Ω—ã–µ —Ç–æ–≤–∞—Ä—ã (–∫–æ—Ñ—Ç—ã –∏ —Å–≤–∏—Ç—à–æ—Ç—ã) –Ω–µ –ø–æ–ø–∞–ª–∏ –ø–æ–¥ —á–µ—Ä–Ω—É—é –ø—è—Ç–Ω–∏—Ü—É, —ç—Ö) </p>",LABEL_1
14452,11/25/20 12:09,2,"<p class=""st0"">–ü–ª–∞–Ω–∏—Ä—É–µ—Ç—Å—è —É–±—Ä–∞—Ç—å —ç—Ç–∏ —É–∂–∞—Å–Ω—ã–µ, —Ç–æ—Ä–º–æ–∑–Ω—É—Ç—ã–µ ""–ø–æ–ø–∞–ø—ã"" –Ω–æ–≤–æ—Å—Ç–µ–π –∏ –∞–¥—Å–∫–∏–µ —Ç–æ—Ä–º–æ–∑–∞ –ø—Ä–∏ –Ω–∞–±–æ—Ä–µ –∫–æ–º–º–µ–Ω—Ç–∞? –£–∂–∞—Å–Ω–æ —Ä–∞–∑–¥—Ä–∞–∂–∞—é—Ç —ç—Ç–∏ –¥–≤–∞ –º–æ–º–µ–Ω—Ç–∞.</p>",LABEL_2
9062,11/25/20 11:21,2,"–ï–ª–µ–Ω–∞, —Å–ø–∞—Å–∏–±–æ.<br>–°–∏—Ç—É–∞—Ü–∏—è –≤—ã—Ä–∏—Å–æ–≤–∞–ª–∞—Å—å —Å–æ–≤–µ—Ä—à–µ–Ω–Ω–æ –æ–ø—Ä–µ–¥–µ–ª—ë–Ω–Ω–∞—è –∏ —Å–æ–≤—Å–µ–º –Ω–µ —Ä–∞–¥—É–∂–Ω–∞—è.<br>",LABEL_2
14885,11/24/20 12:12,2,"–ø–æ 2 –ø–æ—Å–µ—â–µ–Ω–∏—è–º –≤ –æ—Ñ–∏—Å –±–∞–Ω–∫–∞ - –æ—Ç–∑—ã–≤ —Ç–æ–ª—å–∫–æ –Ω–µ–≥–∞—Ç–∏–≤–Ω—ã–π. –ù–µ —Å–æ–≤–µ—Ç—É—é –æ—Ç —Å–ª–æ–≤–∞ —Å–æ–≤—Å–µ–º. –ü—Ä–∏–ª–æ–∂–µ–Ω–∏–µ –Ω–µ—É–¥–æ–±–Ω–æ–µ, —É—Å–ª–æ–≤–∏—è –Ω–µ –ª—É—á—à–µ —á–µ–º —É –¥—Ä—É–≥–∏—Ö –±–∞–Ω–∫–æ–≤, –æ–±—Å–ª—É–∂–∏–≤–∞–Ω–∏–µ –≤ –æ—Ñ–∏—Å–∞—Ö –Ω–∞ 1 –∏–∑ 10.<br>",LABEL_2
9153,11/24/20 9:20,2,"<p class=""st0"">–ú–æ–∂–µ—Ç —è –ø–æ–∫–∞–∂—É—Å—å —Å—Ç–∞—Ä—ã–º –±—Ä—é–∑–≥–æ–π, –Ω–æ —ç—Ç–æ –ø–æ—Å—Ç–æ—è–Ω–Ω–æ–µ —Ç—ã–∫–∞–Ω–∏–µ –≤–µ–∑–¥–µ —É–∂–µ –Ω–∞—á–∏–Ω–∞–µ—Ç –¥–æ—Å—Ç–∞–≤–∞—Ç—å. –ï—Å–ª–∏ —Ç–∞–∫–∏–º –æ–±—Ä–∞–∑–æ–º –ø—ã—Ç–∞—é—Ç—Å—è —Å–æ–∫—Ä–∞—Ç–∏—Ç—å –¥–∏—Å—Ç–∞–Ω—Ü–∏—é –¥–ª—è –æ–±—â–µ–Ω–∏—è, —Ç–æ –∫–∞–∫ –ø–æ –º–Ω–µ —ç—Ç–æ —Å–æ–≤—Å–µ–º –Ω–µ –≤–∞—Ä–∏–∞–Ω—Ç. –Ø, –Ω–∞–ø—Ä–∏–º–µ—Ä, —Ç–æ–ª—å–∫–æ –µ—â—ë –±–æ–ª—å—à–µ –Ω–∞—á–∏–Ω–∞—é —Å –Ω–µ–¥–æ–≤–µ—Ä–∏–µ–º –æ—Ç–Ω–æ—Å–∏—Ç—å—Å—è.</p>",LABEL_2
9153,11/24/20 9:07,2,"<p class=""st0"">–ö–∞–∫-—Ç–æ —Å—Ç—Ä–∞–Ω–Ω–æ —Ä–∞–±–æ—Ç–∞–µ—Ç. –ü–æ–¥–∞–≤–∞—Ç—å –∑–∞—è–≤–∫—É –º–æ–∂–Ω–æ —Å–∫–æ–ª—å–∫–æ —É–≥–æ–¥–Ω–æ —Ä–∞–∑ –∑–∞ —Å–µ–±—è. –ú–æ–∂–µ—Ç —Å—Ç–æ–∏—Ç —Å–¥–µ–ª–∞—Ç—å –ø—Ä–æ–≤–µ—Ä–∫—É, –ø–æ–¥–∞–≤–∞–ª –ª–∏ —É–∂–µ —á–µ–ª–æ–≤–µ–∫ –∑–∞ —Å–µ–±—è? –ò –≤—Ç–æ—Ä–æ–π —Ä–∞–∑ —É–∂–µ –Ω–µ —Ä–∞–∑—Ä–µ—à–∞—Ç—å.</p>",LABEL_2
14761,11/24/20 1:27,2,"<br>—è–≤–ª—è—é—Å—å –≤—ã–Ω—É–∂–¥–µ–Ω–Ω—ã–º –∫–ª–∏–µ–Ω—Ç–æ–º –±–∞–Ω–∫–∞ —Å 2012 –≥–æ–¥–∞. –ú–æ–≥—É —Ä–∞—Å—Å–∫–∞–∑–∞—Ç—å –º–Ω–æ–≥–æ —Å—Ç–∞—Ä—ã—Ö –∏ –Ω–æ–≤—ã—Ö –∏—Å—Ç–æ—Ä–∏–π, —Å –∫–æ—Ç–æ—Ä—ã–º–∏ –≤ –ø–µ—Ä–≤—ã–π –º–µ—Å—è—Ü –æ–±—Å–ª—É–∂–∏–≤–∞–Ω–∏—è –≥–∞—Ä–∞–Ω—Ç–∏—Ä–æ–≤–∞–Ω–æ –Ω–µ —Å—Ç–æ–ª–Ω–µ—à—å—Å—è, –∞ –≤–æ—Ç –∫–∞–∫ –Ω–∞–¥–æ –±—É–¥–µ—Ç –∫–∞–∫—É—é-–Ω–∏–±—É–¥—å —Å–ø—Ä–∞–≤–∫—É –ø–æ–ª—É—á–∏—Ç—å (–¥–ª—è –æ—Ñ–æ—Ä–º–ª–µ–Ω–∏—è –≤—ã—á–µ—Ç–∞ –Ω–∞–ø—Ä–∏–º–µ—Ä), —Ç–∞–∫ —Ç—É—Ç —É–∂... –ï—Å–ª–∏ –∏–Ω—Ç–µ—Ä–µ—Å–Ω–æ, –º–æ–∂–µ–º —Å–æ–∑–≤–æ–Ω–∏—Ç—å—Å—è –∫–∞–∫-–Ω–∏–±—É–¥—å, <span style=""font-size: 16px; background-color: transparent;"">—Ä–∞—Å—Å–∫–∞–∂—É –ø–æ–¥—Ä–æ–±–Ω–æ, –ø–∏—Å–∞—Ç—å —Ç–µ–∫—Å—Ç–æ–º –æ–±–ª–æ–º–Ω–æ, —Ä–∞–∑–≤–µ —á—Ç–æ —Å —Ü–µ–ª—å—é –ø–æ—Ç–æ–º –Ω–∞ twitch –≤—ã–∫–ª–∞–¥—ã–≤–∞—Ç—å. –ó–∞–∫–ª–∞–¥—ã–≤–∞–π –Ω–µ –º–µ–Ω—å—à–µ —á–∞—Å–∞. –°–ø–æ–π–ª–µ—Ä: –ø–æ–∑–∏—Ç–∏–≤–∞ (–ø–æ—á—Ç–∏) –Ω–µ –±—É–¥–µ—Ç.</span>",LABEL_2
13026,11/20/20 16:36,1,<p>–ú–æ–ª–æ–¥—Ü—ã! –ü–æ–∑–¥—Ä–∞–≤–ª—è—é —Å —É—Å–ø–µ—Ö–æ–º!</p>,LABEL_1
